<?xml version="1.0" encoding="UTF-8"?>
<configuration scan="true">

  <appender name="STDOUT" class="ch.qos.logback.core.ConsoleAppender">
    <layout class="ch.qos.logback.classic.PatternLayout">
      <Pattern>%d [%thread] %-5level %logger{36} - %msg%n</Pattern>
    </layout>
  </appender>

  <!--<appender name="FILE" class="ch.qos.logback.core.FileAppender">-->
    <!--<file>tlo.log</file>-->
    <!--<encoder>-->
      <!--<pattern>%msg%n</pattern>-->
    <!--</encoder>-->
  <!--</appender>-->

  <logger name="ai.mindslab" level="info"/>
  <!--<logger name="TLO" level="info">-->
    <!--<appender-ref ref="FILE" />-->
  <!--</logger>-->
  
  <root level="error">
    <appender-ref ref="STDOUT" />
  </root>
</configuration>