<?xml version="1.0" encoding="UTF-8"?>

<beans xmlns="http://www.springframework.org/schema/beans"
  xmlns:xsi="http://www.w3.org/2001/XMLSchema-instance"
  xmlns:context="http://www.springframework.org/schema/context"
  xmlns:p="http://www.springframework.org/schema/p"
  xsi:schemaLocation="http://www.springframework.org/schema/beans
       http://www.springframework.org/schema/beans/spring-beans.xsd
       http://www.springframework.org/schema/context http://www.springframework.org/schema/context/spring-context.xsd">


  <context:component-scan base-package="ai.mindslab.tlo"/>

    <bean name="tloLogJob" class="org.springframework.scheduling.quartz.JobDetailFactoryBean"
          p:jobClass="ai.mindslab.tlo.TloLogJob"
          p:durability="true">
        <property name="jobDataAsMap">
            <map>
                <entry key="tloLogTask" value-ref="tloLogTask"/>
            </map>
        </property>
    </bean>

    <bean id="cronTrigger" class="org.springframework.scheduling.quartz.CronTriggerFactoryBean"
          p:jobDetail-ref="tloLogJob"
          p:startDelay="1000"
          p:cronExpression="0 */5 * * * ?"/>

    <bean id="schedulerFactoryBean" class="org.springframework.scheduling.quartz.SchedulerFactoryBean">
        <property name="triggers">
            <list>
                <ref bean="cronTrigger"/>
            </list>
        </property>
    </bean>

</beans>